minCpu,maxCpu,avgCpu,minMem,maxMem,avgMem,ranTime,ranOps,name,count,isSkip
0.000012054728539444633,0.000012837932506361946,0.000012480339639790382,218743,218743,218743,0.0026050099999996236,383875,test #1,100,false